<assembly xmlns="http://maven.apache.org/plugins/maven-assembly-plugin/assembly/1.1.2" 
  xmlns:xsi="http://www.w3.org/2001/XMLSchema-instance"
  xsi:schemaLocation="http://maven.apache.org/plugins/maven-assembly-plugin/assembly/1.1.2 http://maven.apache.org/xsd/assembly-1.1.2.xsd">

  <baseDirectory>/</baseDirectory>

<formats>
<format>zip</format>
</formats>
<files>
	<file>
		<source>${project.basedir}/pom.xml</source>
	</file>
</files>
<fileSets>
	<fileSet>
		<directory>${project.basedir}/src</directory>
	</fileSet>
</fileSets>
</assembly>